source;target
P1.8.1;
P1.3.1;
P1.1.4.1;
P1.7.1;
P1.6.1;
P1.4.1;
P1.12.3;
P1.12.4;
P1.7.2;
P1.6.2;
P1.6.3;
P1.1;P1.1.1
P1.1;P1.1.2
P1.1;P1.1.3
P1.1;P1.1.4
P1.1.4;P1.1.4.1
P1.1.4;P1.1.4.2
P1.1.4;P1.1.4.3
P1.1.4;P1.1.4.4
P1.1.4;P1.1.4.5
P1.1.4;P1.1.4.6
P1.1.4;P1.1.4.7
P1.7.3;
P1.1.4.2;
P1.7.4;
P1.3.2;
P1.3.3;
P1.2.1;
P1.8.2;
P1.10.1;
P1.12.5;
P1.2.12.1;
P1.2.2;
P1.2.12.2;
P1.12.6;
P1.5.1;
P1.8.3;
P1.12.7;
P1.2.3;
P1.2.12.3;
P1.10.2;
P1.10.3;
P1.1.1;
P1.12.1.1;
P1.12.8;
P1.8.4;
P1.1.4.3;
P1.3.4;
P1.12.9;
P1.3.5;
P1.2.4;
P1.12.10;
P1.12.1.2;
P1.12.11;
P1.5.2;
P1.2.5;
P1.10.4;
P1.12.12;
P1.12.13;
P1.12.14;
P1.10.5;
P1.3.6;
P1.2.12.4;
P1.3.7;
P1.3.8;
P1.12.2;P1.12.1.1
P1.12.2;P1.12.1.2
P1.12.2;P1.12.1.3
P1.10.6;
P1.7.5;
P1.6.4;
P1.7.6;
P1.6.5;
P1.2.12.5;
P1.1.2;
P1.2.12.6;
P1.7.7;
P1.2;P1.2.10
P1.2;P1.2.9
P1.2;P1.2.8
P1.2;P1.2.7
P1.2;P1.2.5
P1.2;P1.2.4
P1.2;P1.2.3
P1.2;P1.2.2
P1.2;P1.2.1
P1.2;P1.12.20
P1.5.3;
P1.7.8;P1.7.3
P1.7.8;P1.7.4
P1.7.8;P1.7.7
P1.7.8;P1.7.9
P1.7.8;P1.7.12
P1.12.2.1;
P1.2.12.7;
P1.3;P1.3.15
P1.3;P1.3.1
P1.3;P1.3.2
P1.3;P1.3.3
P1.3;P1.3.4
P1.3;P1.3.5
P1.3;P1.3.6
P1.3;P1.3.7
P1.3;P1.3.8
P1.3;P1.3.11
P1.3;P1.3.1
P1.3;P1.3.12
P1.3;P1.3.13
P1.3;P1.3.16
P1.3;P1.3.14
P1.3;P1.3.17
P1.3;P1.3.18
P1.3;P1.3.19
P1.3;P1.3.20
P1.3;P1.3.20
P1.3.9;
P1.3.10;
P1.4;P1.4.3
P1.4;P1.4.2
P1.4;P1.4.1
P1.4.2;
P1.3.11;
P1.12.15;
P1.12.16;
P1.12.17;
P1.12.18;
P1.10.7;
P1.12.19;
P1.1.4.4;
P1.7.9;
P1.5;P1.5.1
P1.5;P1.5.2
P1.5;P1.5.3
P1.5;P1.5.4
P1.10.8;
P1.12.1.3;
P1.2.12;P1.2.12.1
P1.2.12;P1.2.12.2
P1.2.12;P1.2.12.3
P1.2.12;P1.2.12.4
P1.2.12;P1.2.12.5
P1.2.12;P1.2.12.6
P1.2.12;P1.2.12.7
P1.2.12;P1.2.12.8
P1.6;P1.6.1
P1.6;P1.6.2
P1.6;P1.6.3
P1.6;P1.6.4
P1.6;P1.6.6
P1.6;P1.6.5
P1.6;P1.6.7
P1.6;P1.6.8
P1.6;P1.6.10
P1.6;P1.6.9
P1.7.10;
P1.6.6;
P1.8.5;
P1.12.2.2;
P1.12.2.3;
P1.12.2.4;
P1.12.2.5;
P1.7;P1.7.1
P1.7;P1.7.2
P1.7;P1.7.8
P1.7;P1.7.6
P1.7;P1.7.5
P1.7;P1.7.10
P1.7;P1.7.11
P1.7;P1.7.13
P1.7;P1.7.14
P1.8;P1.8.7
P1.8;P1.8.6
P1.8;P1.8.5
P1.8;P1.8.4
P1.8;P1.8.3
P1.8;P1.8.1
P1.8;P1.8.2
P1.8;P1.8.8
P1.2.6;
P1.12.2.6;
P1.7.11;
P1.6.7;
P1.10.9;
P1.1.4.5;
P1.12.20;
P1.12.21;
P1.10.10;
P1.12.22;
P1.8.6;
P1.9.1;
P1.9;P1.9.1
P1.3.12;
P1.2.7;
P1.2.8;
P1.3.13;
P1.12.2.7;
P1.12.24;
P1.6.8;
P1.8.7;
P1.12.25;
P1.2.9;
P1.3.14;
P1.10;P1.10.1
P1.10;P1.10.2
P1.10;P1.10.3
P1.10;P1.10.4
P1.10;P1.10.5
P1.10;P1.10.6
P1.10;P1.10.7
P1.10;P1.10.8
P1.10;P1.10.9
P1.10;P1.10.11
P1.10;P1.10.13
P1.10;P1.10.12
P1.10;P1.1.5
P1.10;P1.10.14
P1.10;P1.10.10
P1.10.11;
P1.12.2.8;
P1.10.12;
P1.12.26;
P1.12.27;
P1.12.28;
P1.1.4.6;
P1.1.4.7;
P1.1.3;
P1.2.12.8;
P1.2.10;
P1.4.3;
P1.3.15;
P1.11;
P1.8.8;
P1.7.12;
P1;P1.3
P1;P1.2
P1;P1.12
P1;P1.6
P1;P1.8
P1;P1.1
P1;P1.5
P1;P1.4
P1;P1.9
P1;P1.10
P1;P1.7
P1.3.16;
P1.3.17;
P1.10.13;
P1.3.18;
P1.12.2;P1.12.2.1
P1.12.2;P1.12.2.2
P1.12.2;P1.12.2.3
P1.12.2;P1.12.2.4
P1.12.2;P1.12.2.5
P1.12.2;P1.12.2.6
P1.12.2;P1.12.2.7
P1.12.2;P1.12.2.8
P1.12;P1.12.2
P1.12;P1.12.3
P1.12;P1.12.4
P1.12;P1.12.5
P1.12;P1.12.6
P1.12;P1.12.7
P1.12;P1.12.8
P1.12;P1.12.9
P1.12;P1.12.10
P1.12;P1.12.11
P1.12;P1.12.12
P1.12;P1.12.13
P1.12;P1.12.14
P1.12;P1.12.15
P1.12;P1.12.16
P1.12;P1.12.17
P1.12;P1.12.18
P1.12;P1.12.19
P1.12;P1.12.20
P1.12;P1.12.21
P1.12;P1.12.22
P1.12;P1.12.24
P1.12;P1.12.25
P1.12;P1.12.26
P1.12;P1.12.27
P1.12;P1.12.28
P1.12;P1.12.29
P1.12;P1.12.30
P1.12;P1.12.31
P1.12;P1.12.32
P1.12;P1.12.33
P1.12;P1.12.34
P1.12.29;
P1.2.11;
P1.12.30;
P1.3.19;
P1.5.4;
P1.12.31;
P1.1.5;
P1.12.32;
P1.6.9;
P1.12.33;
P1.7.13;
P1.12.34;
P1.3.20;
P1.12.35;
P1.10.14;
P1.6.10;
P1.12.36;
P1.7.14;
